train_times,steps,reward,Q loss,update_QNet_times,G loss,update_G_times,D loss,update_D_times,W_D
0,640.0,0.009754211898170034,nan,1,nan,1,nan,1,nan
4,470.0,0.09372271384857556,0.24298992815893145,2,-0.0019485919456896127,2,-3.146338730222649,2,3.5158515034657385
8,580.0,0.049497420748221645,0.1819758484023623,3,-0.007090519227590322,3,-3.923423256062799,3,4.402529958811485
12,520.75,0.05817770882755886,0.17300100835919796,4,-0.020846329689740522,4,-3.5061876005044694,3,3.908958037259678
16,576.6,0.04394251486368098,0.17303847307533338,4,-0.032139845703333156,5,-3.4492055652125018,3,3.8208987832783414
20,543.8333333333334,0.05261356681548885,0.9817537805205211,5,-0.05831673503850728,7,-3.1730010527107453,4,3.497217415363425
24,519.1428571428571,0.05910615096423951,1.3406517538730987,6,-0.06845316631044639,9,-3.2392547245930743,6,3.5676804856714557
28,554.25,0.04617914547253876,1.837290237061014,6,-0.08446396024053174,10,-3.2488087592333086,7,3.5919150793771193
32,581.5555555555555,0.03821389675400469,7.226505699751627,6,-0.10970186177749039,11,-3.293703494361705,8,3.6563494361466207
36,603.4,0.028582640856208808,12.844442831143494,6,-0.14514236612095574,12,-3.3609658898817907,9,3.735972755774396
40,619.4,0.02343464132627507,18.012345860002718,6,-0.18618288673470476,13,-3.307866083359553,9,3.6858487422346244
44,618.8,0.015840277599978594,25.09022886925439,7,-0.2569291909740584,15,-3.380758809746139,11,3.7731013392797776
48,614.3,0.021897739107664925,26.38521458011183,8,-0.36566303944769774,16,-3.211993564045263,11,3.5940428145370547
52,613.9,0.02265783293813211,32.127767278268486,9,-0.40488005695344365,18,-2.9479493627269013,12,3.3822054185234394
56,613.9,0.01774767476065674,32.446111695959715,10,-0.5069479306921498,19,-2.902030842857454,12,3.366004264341084
60,655.9,0.007759796693323463,35.26638184159452,11,-0.5830586253582324,20,-3.034707661451791,13,3.5228209398385095
64,698.8,-0.006529139445380744,46.92963424517169,11,-0.7330682697208941,21,-2.873472031952832,13,3.3397460685401703
68,670.5,0.006035386806309004,64.11671978983735,12,-0.7656653005554476,22,-2.7412843809690925,14,3.1918344097013653
72,649.6,0.012577395618814713,68.8812342082804,13,-0.9080007396402212,24,-2.6781234789934816,16,3.1170077887682828
76,649.6,0.014483845297444373,75.08211365229674,13,-0.8945968241083613,24,-2.257177440139691,16,2.748886181602637
80,595.0,0.03525777337125991,101.14366260217416,14,-0.929100711166597,25,-2.223868847332603,18,2.707119937007387
84,594.6,0.03640313605150812,95.22772357470579,15,-1.0546404196352461,26,-1.9826670209903248,18,2.46628402386913
88,558.0,0.045471974627065696,96.28896192318985,16,-1.1355303063770827,27,-1.8164354302325574,18,2.3046297036589123
92,604.1,0.033034534117389075,95.17238629600736,17,-1.2471346928350868,28,-1.8913128168494957,18,2.3630999827162813
96,604.1,0.03654451396758107,113.88100922160679,17,-1.230228838039545,28,-1.7791298524574894,18,2.2201244754130363
100,604.1,0.03610154744444175,162.61020097785527,17,-1.4045363783780314,29,-1.5335312721097014,18,1.9451931653620194
104,584.7,0.045641804453747783,214.74871709399753,18,-1.2869544569424494,30,-1.5260123859599442,20,1.9580977387512448
108,613.0,0.032849952716857325,215.93911984125776,19,-1.3142275230752098,30,-1.1724830812024367,20,1.687210741067926
112,633.9,0.025388419823943454,248.51391722679142,19,-1.2699218853687246,30,-1.1541881457354044,21,1.6702199550966423
116,633.9,0.023990874205647734,271.1696611542172,19,-1.326363873436909,30,-1.3312804130816625,22,1.7804212827304446
120,688.5,0.0026371517885920696,280.79071004973514,19,-1.3822643615038097,31,-1.3513255189390232,23,1.8053158703722336
124,739.5,-0.010408158823473058,304.1963705391354,20,-1.3888073274391461,32,-1.404749198447292,24,1.8284571010108899
128,780.6,-0.024490598751478014,323.16682202763025,21,-1.4475794055128328,33,-1.393406155090003,24,1.7790544674283377
132,768.3,-0.022844070268954398,335.49728946791754,22,-1.4712441760779325,34,-1.40637285424474,24,1.7502442901733293
136,768.3,-0.021174452096314248,335.4168403051164,23,-1.645340747934835,35,-1.4429389231100989,25,1.788514973475977
140,766.7,-0.01885610456807497,334.7067719075945,24,-1.5811040506596434,37,-1.4074592705026991,26,1.7611196784181176
144,786.1,-0.029207160962590285,293.5930383139716,25,-1.655899141307368,37,-1.2761724446157716,26,1.6220924517432294
148,773.6,-0.02445357543955142,314.26277660242715,26,-1.7489116416892245,38,-1.7020562966646522,28,1.9976366689362457
152,771.8,-0.024500277735292283,294.50294620259604,27,-1.814540651657929,39,-1.6075343363366297,29,1.894667381694747
156,771.8,-0.0243813846353114,283.3550779730479,28,-1.8563984326914782,39,-1.6365479965669931,30,1.9383874812440738
160,771.8,-0.023092859739270145,303.2124209728241,28,-1.9131089945737685,40,-1.584714866734472,31,1.8703101157363917
164,771.8,-0.025165737215618385,301.98449262046813,29,-1.8178116430218023,40,-1.4000615968003145,31,1.6956256568936836
168,771.8,-0.027594636996311435,326.07336700503026,29,-1.751246418307225,41,-1.4047080167249981,31,1.6997262448742982
172,775.2,-0.02619401379507298,362.3548707682292,30,-1.7787779032356206,43,-1.496443286978588,33,1.7842717240593498
176,775.2,-0.02822024891726197,376.20654034747497,31,-1.8340727974052982,44,-1.4691670567454025,34,1.7432082372285955
180,776.8,-0.03236092265498009,417.1716649100564,32,-1.7521884407473238,45,-1.4679130242011802,35,1.7453035083216935
184,776.8,-0.02852389451330566,453.72307875448286,33,-1.8849651763875581,47,-1.4981781301052082,36,1.7629752465389679
188,760.7,-0.023807121121879053,447.4867106069508,34,-1.899184029480828,47,-1.3260829875116011,36,1.5474298778228472
192,762.5,-0.023548372123570246,441.6502524131717,35,-1.8855642273088429,47,-1.2369454847106174,36,1.4493518075635048
196,762.5,-0.019419956691550853,451.28453015110716,36,-1.9123312991161856,47,-1.053277506500346,36,1.240692319424348
200,762.5,-0.019516568717161387,423.58636900685053,37,-1.810869101661074,47,-0.7446902099138625,36,0.9480902149749102
204,762.5,-0.018539748392924306,479.81992471796093,37,-2.0022950470121814,48,-0.8974893155976696,37,1.0867793769361875
208,762.5,-0.01783800173494461,488.0939076878808,37,-1.926412576526013,48,-0.7575263270420831,37,0.9590934322829678
212,725.0,-0.006318602862931638,512.3482966496728,38,-2.059295649625798,50,-0.7413684923238721,39,0.944365456043578
216,725.0,-0.008252177605668765,497.06566240978236,39,-1.9636108817726683,51,-0.8706768546312944,40,1.1221688942266113
220,725.0,-0.00966284462927142,466.7212546796798,39,-2.0897881518363848,52,-0.8823663993717895,40,1.1456506935030015
224,725.0,-0.01484161370624824,615.2174461304346,39,-2.2634781270223256,53,-0.8592135346295414,40,1.1246906814329949
228,746.2,-0.017403898591327308,830.0412738993964,40,-2.2348561197739203,54,-0.886277712337,42,1.1658175152063164
232,745.9,-0.012964753809480053,934.0043823717867,41,-2.202932888754253,55,-0.8150914969961065,43,1.0963137957309703
236,745.9,-0.012940460591460961,965.9836499022282,42,-2.229865881193763,55,-0.8722512415518062,43,1.1396103986979582
240,745.9,-0.012923462834131389,1005.8216271526453,43,-2.4135585418175625,56,-1.1275802444884875,44,1.3745799269036516
244,745.9,-0.014601172317238675,957.8487944919704,44,-2.5556152002676624,57,-1.308123945737507,45,1.586535909002628
248,745.9,-0.011867301998469675,979.612026583238,45,-2.937473284269241,58,-1.4772326332618804,46,1.7454592257164645
252,792.3,-0.02540584347398217,952.414200789018,46,-3.0272054695237354,59,-1.463396639072482,47,1.7330379004534149
256,792.3,-0.024198544463840104,1011.3826500077681,47,-3.4040884287637483,60,-1.2891902831484883,48,1.5128381823025872
260,758.4,-0.014030378362686984,1007.8361352804935,48,-3.6741714536468733,61,-1.374866544304044,49,1.5877978387663159
264,748.8,-0.006310062746805354,815.1638810142089,49,-3.70173063540645,62,-1.7604037580292295,50,2.0136241370923336
268,756.2,-0.010626589591505819,627.874987789666,50,-4.068485999943266,63,-1.9635503816137376,51,2.2310292804107865
272,746.0,-0.00858572985431091,563.0086444682993,51,-4.39347124877957,64,-2.0029539224251964,51,2.256569620562236
276,746.0,-0.0147903196607572,526.842833509437,52,-4.750734694840718,65,-2.0759586877272946,51,2.3371290701190373
280,746.0,-0.013531658496374097,520.8147511831837,52,-4.985175671801509,66,-2.2424566534886514,52,2.5325779687258674
284,727.2,-0.006796128027737769,530.1909855619983,53,-5.059518333069689,67,-2.117501709876744,53,2.3837131346159253
288,677.3,0.005398275932434899,469.96726482072637,54,-4.872720255744663,67,-1.9148491171629023,53,2.1941809601092523
292,677.3,0.002555564611582584,446.0089918486195,55,-4.838030386095783,67,-2.0407146374059186,54,2.362373164544919
296,677.3,0.0030095905822548354,461.33770492235,55,-4.838400493355798,68,-1.968535123883494,54,2.279726009584551
300,669.9,-8.640925241467611e-05,484.67424263953336,56,-4.713707038470978,69,-1.9046557761998397,55,2.20852795011509
304,679.5,-0.008928238438302096,481.17939871423897,57,-4.721380589353015,69,-1.7155247409237275,56,1.9900767788247826
308,679.5,-0.009597797306062384,485.6469562606811,57,-4.662617609484328,69,-1.6599424115636179,57,1.9321947517737192
312,690.0,-0.017850571923950488,480.88274374135347,57,-4.69504949491885,70,-1.7638701130804708,57,2.0368964766208775
316,684.0,-0.01297726838684483,501.6017979558309,58,-4.692481683277421,71,-1.878071675176939,58,2.16611920826413
320,684.0,-0.012956118795737747,464.4194008023811,59,-4.617185902392323,71,-1.677589860963165,58,1.9420489320826249
324,647.4,-0.0011934843322682271,473.4335991437507,60,-4.499721485504297,72,-1.587877936744592,59,1.8475118018029515
328,653.6,-0.0032461464391994694,484.2090547584765,61,-4.519424239260078,72,-1.9359966792244314,60,2.209918251010505
332,653.6,-0.00225469182759228,475.8499287704699,62,-4.513256694438181,72,-1.9285330793612796,61,2.1748823221650992
336,653.6,0.00023920388848080662,442.64480180462925,62,-4.399485915878204,73,-2.0295923364829327,61,2.290168466903495
340,666.5,-0.0009048461882856316,411.17813902259593,63,-4.533841124900965,75,-2.1672651976103228,63,2.4472181154168915
344,666.5,0.0027520553906144685,421.97222579996514,64,-4.607732962630314,76,-2.262605019932453,64,2.563565953908093
348,666.5,0.0023576899554319233,426.0929513172381,64,-4.644637370999112,77,-2.063564988149067,64,2.3340443856726694
352,666.5,0.005926126618889687,418.81357327183804,64,-4.614672494161912,78,-2.0816089440100365,64,2.3759778118177195
356,661.6,0.005179829172523828,425.3794466594928,64,-4.62150383871011,79,-1.9497554243086381,64,2.225783977479796
360,653.8,0.0064138902195158415,464.44430763943984,64,-4.813051862782903,80,-1.945242736723533,64,2.213232909379734
364,709.2,-0.01523059187360835,511.9220199134711,64,-4.874968702844297,80,-1.9473627783748075,64,2.2171955028843096
368,752.9,-0.025270099065996015,546.0783236816291,65,-5.013459415652536,81,-1.75885873314711,65,1.9992488321997601
372,752.9,-0.024235144224270942,623.1806304850145,65,-5.293804534592412,82,-1.5646393307243178,65,1.7857989294268566
376,745.4,-0.02394834375370973,659.56064654489,66,-5.325751422910076,83,-1.5597397609424068,67,1.7726265964595356
380,773.8,-0.030026574070402545,659.3699493968271,67,-5.386144544342251,84,-1.3937621406230845,67,1.6249825325237985
384,773.8,-0.029059730313000316,682.7396262824319,68,-5.537234906016878,85,-1.2464347280213173,68,1.4552419420540936
388,773.8,-0.03217530725919218,649.8834971892618,69,-5.5888962912815385,85,-1.275738922152459,68,1.4897300495996018
392,773.8,-0.030485965859556458,642.1096274141254,70,-5.7859118784392125,86,-1.2259312295945881,69,1.416353549837464
396,777.2,-0.028414838928367252,652.7080568015359,71,-5.811204039132354,87,-1.3393423771874875,71,1.548295006731544
400,785.0,-0.02761938522355964,622.0011840889671,72,-5.810857208825722,88,-1.315502469062087,71,1.5520314813503109
404,770.1,-0.018771433543203445,566.1534514953152,73,-5.928849541749617,88,-1.2745559279567555,71,1.5014676437173224
408,770.1,-0.01952333885317361,545.0204839494878,74,-6.157719096448084,89,-1.334823823807341,72,1.5674299665948355
412,770.1,-0.023095501244726886,496.46257109751843,75,-5.929637708587177,89,-1.3554180415275499,72,1.6040993017614489
416,777.6,-0.025178359343521632,439.956190374201,76,-5.965317888216239,89,-1.2922309868811932,72,1.5378305636837024
420,777.6,-0.024394853741484934,446.0686247926192,76,-5.98587564402006,90,-1.3412070778112475,72,1.5482760503280042
424,777.6,-0.030481107431184144,453.58164705010614,76,-5.9120638142676665,91,-1.2501360442812068,72,1.4566068453975398
428,777.6,-0.026703125946839844,479.5066099776066,77,-6.021499279371716,93,-1.3167225052335434,74,1.53851895365992
432,777.6,-0.029098657125956884,501.247620389187,78,-5.8720830366662655,94,-1.3274469926993366,76,1.5833946580907914
436,785.1,-0.031446217130409786,495.93572164905436,78,-5.923037421933629,95,-1.2586176113715708,77,1.4954937691709609
440,730.5,-0.012406493827051343,505.18758021926885,79,-5.787685799648363,95,-1.202111742850212,77,1.4060458947651917
444,731.2,-0.01447602449946781,507.1738094291687,80,-5.549438799305095,95,-1.4618292691825836,78,1.696770427501864
448,694.3,-0.003962987633718882,525.7494183158875,81,-5.360064173026217,96,-1.4003722922618294,79,1.6284168089197741
0,800.0,-0.03458587354346816,nan,1,nan,1,nan,1,nan
4,800.0,-0.04725043443316426,1008.7816685994467,2,-4.338161591026518,2,-0.7336004386914687,2,0.8101712455352147
8,800.0,-0.04110645049812408,1016.2696305592855,3,-4.312565640442902,3,-1.3847242939363542,4,1.4970740303397179
12,800.0,-0.03405148001337285,990.6773340861004,4,-4.371391300249983,4,-1.248994634816147,4,1.339833939406607
16,743.6,-0.0043998396384892415,984.80482934316,5,-4.379378488080369,5,-1.1634166810674489,4,1.2441150334974131
20,753.0,-0.010721431920451488,846.635684820811,6,-4.791782262259059,6,-0.41969247405831184,4,0.5504899034897488
24,759.7142857142857,-0.014920637943068108,862.6408480803171,6,-4.738783108691375,6,-0.5667135194383769,5,0.6978150871064929
28,764.75,-0.017937887400980894,876.9478221030462,6,-4.692861763021303,6,-0.6419791525577211,6,0.7619043182759058
32,768.6666666666666,-0.018633465677398025,885.5704071402549,6,-4.6644469439569445,6,-0.7955646294912893,7,0.9058228385945162
36,771.8,-0.018328426978102046,895.592352411482,7,-4.637811694800117,7,-0.7497988387298437,8,0.8633145975845832
40,771.8,-0.018077401866535205,899.3423228995005,7,-4.619929403232203,7,-0.7739398945119077,9,0.880236061513424
44,771.8,-0.01526240440697163,895.4118155956269,7,-4.637021136946148,7,-0.8350243575191902,10,0.945629864467515
48,771.8,-0.018092730489163045,893.8045897452037,7,-4.643102895716826,7,-0.7283045680969695,11,0.837919296870629
52,771.8,-0.021922624562567085,901.3474021434783,7,-4.636343237095408,7,-0.7889169342711104,12,0.9009469330145252
56,800.0,-0.03631822323771501,898.4080699570974,8,-4.642499902016587,8,-0.9458484120738124,14,1.0638121143480144
60,800.0,-0.036154668048826735,962.890192680359,9,-4.450826853679286,9,-1.2906672262867345,14,1.3835534732706016
64,759.2,-0.02611800721824723,968.1161426925659,10,-4.440557436645031,10,-1.2511749884337446,15,1.341249715967311
68,759.2,-0.025689275608382946,894.6369974772136,11,-4.727071577807267,11,-0.8956140226556455,15,1.0421735123958853
72,759.2,-0.026403128281479903,894.1199279022215,11,-4.7334212208787605,11,-0.9060438485884678,16,1.0548338775005608
76,759.2,-0.028124399774109056,888.3907440694172,11,-4.745150337451035,11,-0.964303013556249,17,1.1040370617475777
80,749.5,-0.026524748173595125,891.1041198476156,12,-4.756365880039003,12,-0.9900637536762386,19,1.1297782712346978
84,749.5,-0.031384970276013835,856.2901001993814,13,-4.828562821778986,13,-0.9657741410424933,20,1.1124019613100422
88,749.5,-0.033106531654998286,849.91469329834,13,-4.85452229446835,13,-1.0178287109727453,21,1.1567281218104895
92,717.3,-0.021077796646312496,842.9816271972655,14,-4.866175923248131,14,-1.1462917886948627,23,1.284317861835162
96,717.3,-0.019344149411992976,772.8957464726767,15,-5.102604690714488,15,-0.7026817150528557,23,0.859057672352072
100,717.3,-0.017304228789414206,776.8215466690064,15,-5.096528354476368,15,-0.6404016111189101,23,0.7999798614586158
104,758.1,-0.026146161233899772,770.2049549738566,15,-5.116163584613611,15,-0.6405322430358595,24,0.8076983479464811
108,734.3,-0.017175523921835103,843.1239951578776,16,-4.837054676503415,16,-1.0829335992332616,26,1.2017116266295076
112,734.3,-0.016704445662816928,781.1847982025147,17,-5.009045965662077,17,-0.6324412396109833,26,0.782857588708874
116,711.4,-0.013739906294504714,781.6794462585449,18,-5.009671080301678,18,-0.6814822096353772,28,0.8339965048238399
120,721.1,-0.015209229206742541,719.0627506860097,19,-5.181586906337548,19,-0.4222353481966448,28,0.5948754124646151
124,721.1,-0.008347942510767143,756.2849494520823,19,-5.108378080053935,19,-0.517147545558345,29,0.6834740443101953
128,721.1,-0.004477299569767814,761.1249249617259,19,-5.094644941909919,19,-0.5264321844501694,30,0.6940027769146457
132,753.3,-0.013020680280015415,765.6779012393952,19,-5.09394393880216,19,-0.3834065245613936,31,0.5509013133649789
136,753.3,-0.01434212163982325,842.0912325382233,19,-4.866367441415787,19,-0.7201764411607291,32,0.8636939513848887
140,753.3,-0.017804089617468967,838.9217827192942,19,-4.874829270773464,19,-0.8296631298497473,33,0.9703029608395364
144,721.6,-0.010835598963122268,836.5584374332427,20,-4.882416787246863,20,-0.9729292603958554,35,1.101100578341219
148,745.4,-0.020146566425843136,766.5967386540913,21,-5.114385378810148,21,-0.6080188227531736,35,0.7531411964410827
152,745.4,-0.02268671781661759,826.348857209796,21,-4.949842634749792,21,-1.0544665121234258,36,1.16479014410386
156,768.3,-0.02764441678320682,829.0698766240619,21,-4.949833801507005,21,-1.058405304950189,37,1.1741694846796613
160,768.3,-0.025565625475314203,889.4055769420805,22,-4.784279896437175,22,-1.320358944981662,38,1.421528188458511
164,768.3,-0.02860276169615768,887.9757853517079,22,-4.787968703560413,22,-1.1209964863416768,38,1.2149680364841506
168,768.3,-0.027813701857869223,881.9268503388906,23,-4.810339506088741,23,-1.1073648167770382,40,1.2067715070030043
172,768.3,-0.030558686857556187,882.6668057832263,23,-4.815794889250445,23,-0.8991572447267495,40,0.9985268495361955
176,768.3,-0.03175803261930124,880.4257531810943,23,-4.813845952966856,23,-0.8709316891852381,41,0.9739749773556277
180,768.3,-0.027869681729129014,882.090172787621,24,-4.810324447803081,24,-0.8771345845394073,43,0.9831697016505023
184,800.0,-0.03665890823229187,884.2950750805085,25,-4.813703867083504,25,-0.6587839951088268,44,0.7674120365792796
188,800.0,-0.03617024506530331,949.9861750539145,26,-4.602593004869091,26,-0.9699520831239512,45,1.05167378904091
192,800.0,-0.03770265734536518,951.4294300587972,27,-4.6031789132290415,27,-0.8815253192598984,46,0.9730251573357316
196,772.3,-0.029130962169740992,950.1504695383707,28,-4.612164848049482,28,-0.9812612198912796,47,1.0702922627495395
200,772.3,-0.029889548275696693,881.4481666755677,29,-4.817111768821875,29,-0.7151199160926304,47,0.8308041219413281
204,757.5,-0.022005601955860675,879.625311501821,30,-4.828221732543575,30,-0.9316424337731828,49,1.0475199197232725
208,757.5,-0.023458427174724204,832.5400231056213,31,-4.944305560986201,31,-0.7681246090215992,49,0.8752284325460593
212,757.5,-0.024638194378556966,823.9579176470437,31,-4.9546649621592636,31,-0.9754329305239177,50,1.082538478983773
216,724.5,-0.017243101547695584,819.9867136268616,32,-4.9731571238901875,32,-1.0532226414836219,52,1.1596313108801843
220,724.5,-0.01422638116902429,746.604875469571,33,-5.225128519014707,33,-0.5750274778888116,52,0.7342675071756046
224,724.5,-0.011190761850349333,750.1872940893628,33,-5.219286358332823,33,-0.4839516350938495,52,0.6446123387548659
228,724.5,-0.012051320700595156,751.9785510321117,33,-5.2258738479443965,33,-0.48695987005108243,53,0.6593288192616569
232,724.5,-0.00925404908521917,746.6351325038729,33,-5.244621957152608,33,-0.5859741416451749,54,0.7565282196932369
236,752.2,-0.012832365973670826,747.918250815437,34,-5.2460815138050485,34,-0.4507361458554781,56,0.6200479626456896
240,752.2,-0.013840831774170292,820.0061878843762,34,-5.045559370990783,34,-0.6589487801116913,57,0.7960296335948838
244,723.2,-0.0037619277299896087,815.0833951953706,35,-5.051452068298582,35,-0.5879230175255095,59,0.7276902811527253
248,685.7,0.00883588835990152,795.3255385059175,36,-5.2254071178133525,36,-0.35485873446373695,59,0.5294346647262574
252,685.7,0.010856027738341836,727.6283788277763,37,-5.478852598742833,37,0.05959339049268912,59,0.1632862206101419
256,701.3,0.013521876743535577,728.7900156380789,38,-5.476235883642757,38,0.16620395579917857,61,0.05273863452672969
260,701.3,0.008288381166273196,751.3506041768392,39,-5.369020198958891,39,-0.039164454523646475,61,0.2085890267535493
264,695.5,0.008378743860096929,745.6528515421548,39,-5.375466451391025,39,-0.2804185089314426,62,0.4479121890906935
268,695.5,0.011060470815117405,722.8251094198515,40,-5.408586366892062,39,-0.21176576036811573,63,0.38651089185737214
272,695.5,0.01171966141664238,730.3409944804798,40,-5.388317511565356,39,-0.15783278066723574,64,0.3363745960354404
276,685.8,0.011329945597782245,721.6265371847442,40,-5.402448555416732,39,-0.14110261767850846,65,0.3240983157780034
280,685.8,0.009595441555188423,690.0540980978301,41,-5.453708208157157,39,-0.04679576274180024,65,0.23869428790538808
284,729.6,-0.008329935579742358,689.6983787730824,41,-5.45152913320747,39,-0.026806767167075217,66,0.22197743356488778
288,738.6,-0.016434876491555554,755.7518849834095,42,-5.155861210810015,40,-0.48117313395268974,68,0.6502305616166455
292,738.6,-0.014777010632930127,758.7030294211994,43,-5.102677933196428,41,-0.5013210043426414,68,0.6550136846032004
296,747.8,-0.025527492876174163,755.7175475740721,44,-5.098808958451153,42,-0.5305626722352959,70,0.6874588555819057
300,747.8,-0.025135945273927558,776.7447160190814,45,-5.0262502871950465,43,-0.7751324308425461,71,0.9272827529284087
304,753.6,-0.02000183414417969,781.2215377404762,46,-5.023087075981829,44,-0.6486908789837799,72,0.8013009361134031
308,716.8,-0.006448371145029668,802.732824326891,47,-4.978267324524697,45,-0.6883583049874404,74,0.821956962332882
312,716.8,-0.00856821560734845,729.8527913679065,48,-5.22946670392246,46,-0.12293187659284141,74,0.29469966817474114
316,718.9,-0.0063163769435840315,739.1078637454293,49,-5.204653598425365,47,-0.293238029385282,76,0.4659472988901114
320,718.9,-0.0067658763664794315,739.4274637543072,50,-5.204728738858242,47,-0.26820627316458606,76,0.4313943891979829
324,718.9,-0.006817095317622158,741.5867602478373,50,-5.19047110798684,47,-0.18728078476141558,77,0.3536732482834898
328,747.4,-0.010877880741533192,745.3159647054383,50,-5.185310610195603,47,-0.19722436793615356,78,0.3664374459707978
332,747.4,-0.012803492981846276,811.958189866037,50,-4.982530781024634,47,-0.5713743268653297,79,0.7110435985284622
336,755.6,-0.011889213592871904,816.4041707009981,50,-4.971780302518547,47,-0.534167098660396,80,0.6694376957506843
340,755.6,-0.01095766496568856,845.0326944200921,50,-4.9080042674836495,47,-0.534825291039241,81,0.6661400562855933
344,755.6,-0.015196010131629736,840.0331623308587,51,-4.9087407449580205,48,-0.5619606600889367,83,0.6911913278698921
348,792.4,-0.030561055912475134,843.3099610369133,51,-4.896987088656787,48,-0.43936939167337385,83,0.5730111682580576
352,782.0,-0.028958935417512092,911.8064214556146,52,-4.659513555271457,49,-0.9913150704749084,84,1.0826541302767065
356,781.7,-0.030012171179360652,877.6250704017408,53,-4.732768209645844,50,-0.9169553524005071,85,1.0042858351502155
360,781.7,-0.02902361054894619,870.9610359085545,54,-4.752138315779392,51,-0.9761146298529735,85,1.0690882852363466
364,781.7,-0.025199004709481405,874.1776613764907,55,-4.754958613358362,52,-1.0648582640976074,87,1.1553366183262281
368,753.2,-0.014927866979759008,872.3178056229101,56,-4.743657225015188,53,-0.8459429612437832,88,0.9381546878173495
372,753.2,-0.01445431703371353,804.7253773296819,57,-4.946503737379204,54,-0.48077867215721765,88,0.611726073177776
376,753.2,-0.01636135154663703,806.4535441133324,57,-4.9491122083290655,54,-0.5155809367294423,89,0.6580034166429982
380,753.2,-0.01852886242651293,798.3462932384953,57,-4.966306265336696,54,-0.5436833830501417,90,0.6847053708488291
384,753.2,-0.02178651561391458,801.6951465913598,57,-4.961056804467331,54,-0.6382428133516417,91,0.7810153280881921
388,753.2,-0.021873665224065867,794.9698092703964,57,-4.981222651046936,54,-0.7137744436250327,91,0.8537371029477528
392,763.6,-0.021548705432086472,801.4222738445744,57,-4.96444887996623,54,-0.586894155187403,91,0.7223423499552288
396,771.5,-0.023507119989810314,832.2833120932722,58,-4.901887980178751,55,-0.606762220798345,93,0.7404759483159793
400,734.4,-0.01587639841617669,865.8470616563161,59,-4.830620858901076,56,-0.685875380474738,95,0.8272892482909893
404,708.3,-0.012463156022033541,794.7401066875458,60,-5.10407728039556,57,-0.3570885193998564,95,0.5330843828949663
408,729.4,-0.020528830354232024,727.4544528134664,61,-5.317785587410132,58,-0.22091605462431407,95,0.40407897477348637
412,710.8,-0.015329896805034843,772.5659546138302,62,-5.156223155287179,58,-0.5729829585542457,96,0.7135272259603849
416,710.8,-0.012791141751858739,716.7679541001175,63,-5.293873299828884,59,-0.4205382591797008,96,0.5717351099056025
420,710.8,-0.013019446141913216,725.8702043900346,63,-5.275730208395306,59,-0.44794025501694945,97,0.6029042910736819
424,710.8,-0.01335881654167527,719.5789834580278,63,-5.286370370128139,59,-0.5358794576591212,98,0.6950131185719058
428,709.8,-0.014346456071802034,716.3115485621945,63,-5.28305106444993,59,-0.5948944329632673,99,0.7554862217971371
432,709.8,-0.011570024739709263,698.5056467931921,64,-5.3123826108095225,60,-0.8031139442471392,101,0.9680626655156763
436,685.0,-0.004905340513222555,698.0713458491816,65,-5.314381982887834,61,-0.661482026368154,103,0.8243800747264114
440,722.1,-0.011174856087911331,635.2977909137263,66,-5.489626643894498,62,-0.4595391533360111,103,0.644786933779917
444,748.2,-0.018160733696813414,706.4817134270523,66,-5.210208406552722,62,-0.7982940943608287,104,0.9507591059011242
448,755.6,-0.02141400865938529,775.521269685572,66,-5.004026407836262,62,-1.0707224260815749,105,1.2091286185584484
452,774.2,-0.025426570589890347,799.4150226656595,67,-4.955595219245663,63,-1.1106434159027414,107,1.2578159326425304
456,774.2,-0.029875728578155115,844.988102830251,67,-4.835086617370447,63,-1.2306194851583698,107,1.356769198377927
460,774.2,-0.02781093656829331,845.9607593345642,67,-4.841087170607514,63,-1.2950623988955179,108,1.41936957700385
464,757.8,-0.020816051818374294,846.0401981925964,68,-4.849236202571127,64,-1.1301934596813388,109,1.2480322945780224
468,721.2,-0.00743033915577186,807.2244886334736,69,-4.958786409541412,65,-0.9338427204370532,109,1.0723557109302944
472,679.5,-0.002613679493770243,749.8523089408875,70,-5.2022285118147185,66,-0.48383498882754117,109,0.6688856660326321
476,704.3,-0.009482709653924106,682.1142391777039,71,-5.476475148344482,67,-0.14376301612915401,109,0.3838519229226642
480,704.3,-0.009662967263423559,745.5943130747477,71,-5.300011025313978,67,-0.47779629792607636,110,0.6945978106458981
484,704.3,-0.011121140313770789,737.7688860066731,71,-5.326412092425205,67,-0.5403247693722069,111,0.7544011944267484
488,704.3,-0.00882857645288309,730.9851452891032,71,-5.346096820908564,67,-0.5260390028222032,112,0.7355359757343928
492,704.3,-0.01152190774566569,726.3028428904215,71,-5.35942768962295,67,-0.5076112115863383,113,0.7124990046090549
496,680.5,0.0001162219816077767,726.9071611277262,72,-5.361726251023787,68,-0.5148045256831252,115,0.7306879263851377
500,679.0,0.0013339759482792236,660.6803000768025,73,-5.546033113974112,69,-0.15230174426652543,115,0.37837779656714854
504,695.4,-0.007304697503567967,655.0820552698772,73,-5.557878469868943,69,-0.24748551418219217,116,0.4738298299478158
508,733.0,-0.02075595310740464,699.6545987065634,73,-5.445706861052249,69,-0.5585586188599831,117,0.7793315140969223
512,774.7,-0.028096686858509762,762.7562858963013,73,-5.193955098920398,69,-0.9342519491480974,118,1.104617763052384
516,742.2,-0.023853920287797238,831.9204838943481,74,-4.919032707479265,70,-1.3095029257105977,119,1.4227239087058439
520,742.2,-0.019083929251437405,762.1527405893236,75,-5.151428825183521,71,-0.8627891881720695,119,1.004474440304533
524,742.2,-0.01988841894649062,761.7040574736823,75,-5.14497019253553,71,-0.6673323156382696,119,0.8054786900892145
528,707.6,-0.008500373056848646,758.7047679991949,76,-5.149788112962057,72,-0.7008336904310688,121,0.841888615874544
532,689.2,-0.003673647135200156,692.9315701021467,77,-5.389947750715036,73,-0.2531354594040508,121,0.46954303201465386
536,713.0,-0.01093815079475718,646.2677642634558,78,-5.514710444590402,74,-0.1568757601616543,121,0.3750503633285641
540,714.5,-0.01111837132303884,700.9752018931555,78,-5.3450925279467825,74,-0.40641722627669685,122,0.6160022972390135
544,686.1,0.006212926272508629,713.0131488485185,79,-5.327032839471386,75,-0.21616593549804142,123,0.4219737675486418
548,686.1,0.0067238089068452495,649.397836071953,80,-5.537641756614995,76,0.2855545719190397,123,-0.06260465593486234
552,686.1,0.006823010655279234,653.979549252495,80,-5.532526705047441,76,0.19132799865665023,124,0.029535237570446026
556,718.6,0.003189356415758235,649.9988412701136,80,-5.542002608260465,76,0.12038496915962446,125,0.11172436073737808
560,712.6,-0.000444228313308204,717.7284301002442,80,-5.3122533684212065,76,-0.15822535006147403,126,0.3546952303069294
564,687.9,0.008218645585353943,699.2434009050945,81,-5.357529864009755,76,-0.23004543668481375,127,0.4248927034150958
568,694.0,0.0012221634484596822,645.4215096004425,82,-5.5289603868754735,77,0.08390320327397274,127,0.13943762534638898
572,712.4,-0.003107077082401894,648.7440131017896,83,-5.484372945731939,78,-0.16299802762147547,127,0.3331434177805478
576,702.0,0.005871112323142464,698.1566019503275,84,-5.352525665964744,79,-0.32917593162146397,129,0.48778588012462915
580,702.0,0.0016996365762179555,670.7748409487406,85,-5.418868592983545,80,-0.10332006385499919,129,0.2749463239670401
584,730.4,-0.01346696938200983,664.9290597750345,85,-5.425304663617804,80,-0.27693328649467064,130,0.4548628990544815
588,730.4,-0.007294571987372857,719.4777496522267,86,-5.234106356507601,81,-0.7372928294010583,132,0.8899275315993963
592,730.4,-0.006089763885786503,721.78718891716,86,-5.235038237379055,81,-0.424392382187864,132,0.5803446481155626
596,730.4,-0.005874420594836062,722.7687173900604,86,-5.234557263327368,81,-0.2809253854893271,133,0.42881243399718805
600,736.4,-0.00809399904789258,723.5812736695607,86,-5.23361289114362,81,-0.2514308889688349,133,0.3969588739865958
604,761.1,-0.014713135587149262,742.8446035696664,86,-5.192255397968822,81,-0.35018768629563646,134,0.4965141530632973
608,789.6,-0.02038353139173886,793.981020834605,86,-5.020601609680387,81,-0.6708980328296053,135,0.7852649843659666
612,789.6,-0.021668361618950083,850.5827269134522,87,-4.832810343801975,81,-0.9852641378587578,136,1.0926746264563667
616,765.3,-0.015249635360840608,843.1115674997966,88,-4.848380302058326,82,-1.0822469425888266,137,1.1936575799650615
620,765.3,-0.01098831493890793,807.4336002822149,89,-5.015096205851387,83,-0.8964602410380309,137,1.043990854687161
624,760.3,-0.006962723216301317,808.4135409509569,90,-5.0055754958400644,84,-0.820861600712034,139,0.9764603094591037
628,760.3,-0.011847886076402492,799.4680412695418,91,-5.028094249996014,85,-0.6089579747736231,139,0.7584149667680867
632,741.2,-0.00737621642792353,796.8689032385358,92,-5.0307017339922995,86,-0.9444334107890914,141,1.0949966055546145
636,741.2,-0.012307917460928377,744.6351996930715,93,-5.166022880959534,87,-0.859104462356167,141,1.0155076081172787
640,741.2,-0.011789111565167331,737.3128781446096,93,-5.180453561002701,87,-0.9828478846286786,142,1.1406342043760251
644,726.4,-0.003176476207648979,739.4263981437958,94,-5.183142639452904,88,-0.9833866872098195,144,1.1465176610101755
648,698.0,-1.9475559536284716e-05,703.840441097287,95,-5.283399136716812,89,-0.7438171782924485,144,0.9117466230077375
652,698.0,0.000674257220303795,643.3252867228465,96,-5.480665863740468,90,-0.4274731125103516,144,0.6028392103198001
656,732.7,-0.014682105491476888,648.5318484853384,96,-5.464991925512442,90,-0.383300177093585,145,0.5576324331644007
660,732.7,-0.014222786098933252,718.5823070155827,97,-5.218224186506937,91,-0.9455069773008589,147,1.0887579667451805
664,733.2,-0.0157306603252261,715.7848509608953,98,-5.227775805665788,92,-0.9351593520852692,148,1.077271930232594
668,713.7,-0.012265473070917163,719.8371065012228,99,-5.2174616705478245,93,-0.9971953252913753,149,1.1532938168630857
672,732.8,-0.021353848874942034,670.1576150173225,100,-5.3519036113102025,94,-0.6329852247338582,149,0.7961187231283797
676,732.8,-0.016731883911809586,715.8021220397565,101,-5.224756996498163,95,-0.829591210736389,151,0.9845680588006169
680,732.8,-0.013451100615075168,717.9402503203961,102,-5.226227224534409,96,-0.6253793535061158,152,0.7759570209369917
684,747.6,-0.02199346913186707,713.4414829253765,102,-5.2329344138493035,96,-0.42413187061311036,152,0.5717063045686344
688,776.0,-0.0227928047189248,760.57463665259,103,-5.125865013300369,97,-0.7397493074418231,154,0.8838815019447797
692,776.0,-0.021294236162335545,824.4031391868206,103,-4.928412673604809,97,-0.8722567153970793,154,1.0036143000840339
696,776.0,-0.017150799849171172,826.9606110597863,104,-4.930685846407205,98,-0.8390069173318209,156,0.9717398283136414
700,776.0,-0.020885724259773128,829.376242417615,104,-4.932050243085281,98,-0.6383235857941395,157,0.7520565530577492
704,780.5,-0.021247952643811914,826.5947944602582,105,-4.939501507479936,99,-0.6868977115117405,159,0.7968318836476266
708,800.0,-0.025615916760233382,837.4961387549507,106,-4.912736939004174,100,-0.6716159626206004,160,0.7688262464161273
712,800.0,-0.01856082177636505,883.3889906056723,107,-4.794575851658981,101,-0.8730540272363255,161,0.9570242598652839
716,784.4,-0.014667163541911384,886.779268951416,108,-4.7865716743800375,101,-0.708180263541613,161,0.7941141322255134
720,784.4,-0.016097985189014532,846.631369257609,109,-4.892095660898421,102,-0.6817278525170664,161,0.7813183115588294
724,784.4,-0.016407607728651467,851.225392847697,109,-4.878232291241487,102,-0.7774839166918667,162,0.8789129309190645
728,756.1,-0.00893119858471329,840.247724009196,110,-4.888018383317523,103,-0.6900400124528547,164,0.7912902333339055
732,723.9,-0.0005588863979753493,778.7870735810598,111,-5.07849563896656,104,-0.5509517037241926,164,0.653551190296809
736,723.9,-0.00022735969259960465,711.1091180662427,112,-5.308724148306582,105,-0.13289296191365324,164,0.2893503369414617
740,723.9,-0.001096568321210259,708.765312727701,112,-5.315298396249612,105,-0.08148489933976873,165,0.24200471780602895
744,723.9,-0.004131235536695678,714.1661307513828,112,-5.3030274140172535,105,-0.1907237614965332,166,0.3532023868485103
748,723.9,-0.004877978174022402,710.9761762480055,112,-5.315441873404715,105,-0.3042979037933576,167,0.4656540799330152
752,715.2,0.0018767225021379132,708.9813184090569,113,-5.3040859489639605,106,-0.47396595837546884,169,0.6515270173738874
756,730.8,-0.005472093949677584,682.3481923894922,114,-5.370086368668561,107,-0.3964920599614544,169,0.5790762363729024
760,720.8,-0.006414913083315751,721.3727964137437,115,-5.260184219494613,108,-0.5875816767221695,171,0.7638845939295633
764,720.8,-0.0064255999388180066,690.2533240168931,116,-5.3356670629135285,109,-0.6172761049752606,172,0.7904823655874011
768,749.1,-0.017383975944009356,693.7084766047838,116,-5.336635721340927,109,-0.5943494061959872,173,0.7720293921885037
772,747.5,-0.014945805077157634,750.776294365887,117,-5.159380496490483,110,-0.8438343927812417,175,1.0092315053930359
776,726.8,-0.016780853849831964,750.0764153789835,118,-5.163560734850934,111,-0.8682735521726009,175,1.0074653814510692
780,726.8,-0.01569747773077523,694.7644402219875,119,-5.314950428678475,112,-0.7795425613780964,175,0.9276873993154556
784,726.8,-0.014867478955331147,685.4176041700465,119,-5.335023370822816,112,-0.6421882471838285,176,0.7837062100512642
788,726.8,-0.013541186003347808,684.2821334618351,119,-5.342177575105311,112,-0.6274268498987262,177,0.7721459347946303
792,735.5,-0.02337867014517861,683.9249377729517,119,-5.348857108196168,112,-0.5663817586742281,178,0.6975205089591798
796,735.5,-0.02287009308392863,712.7814478867546,119,-5.279462416230371,112,-0.8656386926772107,179,1.0069041458708898
800,745.5,-0.02426623892589836,713.7893276525831,119,-5.28179419215394,112,-0.9307154477058427,180,1.069537788888765
804,745.5,-0.02388814238566776,741.9771258550976,119,-5.213230936386914,112,-1.0189884906335458,181,1.1581810377845687
808,745.5,-0.02203144317905547,737.9963818365429,119,-5.21455557627022,112,-0.996626144574343,181,1.1384855753656418
812,757.2,-0.02425320471616558,746.6619018815056,120,-5.187224923397499,113,-0.9185850945696735,183,1.0564910208327427
816,777.9,-0.02326366502124257,755.3751556184558,121,-5.1093923553272536,114,-0.9265241840280403,183,1.0378149566164723
820,777.9,-0.02250643968778275,810.3238512802125,121,-4.952670995228821,114,-1.0345950587830697,183,1.1326349167801715
824,768.3,-0.018352207259236412,822.7172722371419,122,-4.920122795303664,115,-1.1806447418111259,185,1.2860535614468431
828,768.3,-0.016864794767994996,801.1742021502871,123,-4.9556302460305615,116,-1.1332114200188697,185,1.240358366312001
832,740.7,-0.009715855007381268,805.2073981290876,124,-4.936856921077376,117,-0.8835748999626084,186,0.9924195409894793
836,735.6,-0.005190976556593826,740.4978783708631,125,-5.1492963826265,118,-0.436711176144189,186,0.5565919649184554
840,735.6,-0.0041922203245479865,722.4363884772677,126,-5.178549187863716,118,-0.3251491964916559,187,0.44325098597692325
844,735.6,-0.0026991984013835413,720.3839515723605,126,-5.178412573852322,118,-0.3531481125550101,188,0.4769897674887068
848,735.6,-0.003724786083858814,733.0837147559541,126,-5.1531422530460835,118,-0.3664715839134958,189,0.48354025433812087
852,757.7,-0.012357149396765185,726.4236775245089,126,-5.1680233561179865,118,-0.4120540270109986,190,0.5307238565254895
856,757.7,-0.015454323491978585,784.9940144640026,126,-5.014383416193904,118,-0.7932760349805396,191,0.9148856033806247
860,757.7,-0.013130735598967875,778.0335380337455,126,-5.025783596255563,118,-0.9068429014417271,192,1.0430740139475376
864,752.5,-0.010664779726431808,776.8602550035534,127,-5.043918356946622,119,-0.9294472337526509,194,1.0728322552565974
868,752.5,-0.013502639099349822,759.6487079995475,128,-5.099492234909776,120,-0.8134607814567263,194,0.9702306312012553
0,800.0,-0.042946903248440825,nan,1,nan,1,nan,1,nan
4,800.0,-0.03721298949682056,3668.7240559895836,2,-9.05619414978557,2,2.868994006431765,2,-2.6652437213394378
8,800.0,-0.03473955145530253,3613.3535097757976,3,-8.905343105395634,2,2.916809202368475,2,-2.7002923675709303
12,800.0,-0.03679551200885598,3670.258249409994,4,-8.886402898364596,3,3.0941386619720745,3,-2.8726771084246816
16,702.8,-0.006469209170232812,3647.515084711711,5,-8.834089063107967,3,2.8653050371600934,4,-2.655840359048711
20,688.5,-0.006013453340323623,4350.74858388265,6,-10.547912806272507,5,4.977110304720699,5,-4.642673782441351
24,663.2857142857143,0.006286354418394484,4258.27959382799,7,-10.595750024473226,6,5.102037783039527,5,-4.809332179894418
28,680.375,0.00041063195515613285,4301.685495794387,7,-10.885545177592173,7,5.636043423476318,5,-5.356301399813127
32,692.3333333333334,-0.0019046465995715678,4204.835009447734,8,-10.623471534086598,7,5.301666565963792,6,-5.038991556882307
36,675.0,0.0071810031448757165,4132.935435598868,9,-10.396434202238364,7,5.036266478431631,7,-4.795194916286096
40,675.0,0.007426622170397594,4152.001152750651,9,-10.573432964086532,8,5.354635345915126,7,-5.116103571973466
44,675.0,0.012535552181670106,4121.388740946451,10,-10.498866561055182,8,5.3296205937345,8,-5.105770163160782
48,675.0,0.012750420523641176,4125.0287960306805,11,-10.450201747152539,8,5.372415422908963,9,-5.162536812380508
52,675.0,0.01299683481477793,4101.171213734944,12,-10.405604191621142,8,5.257472449264542,10,-5.067950329901995
56,723.6,0.00124697108160063,4111.277668609619,13,-10.349060216546059,8,5.3306790841047444,11,-5.15351195205141
60,722.8,0.010701937329286391,3756.289379119872,14,-9.42591516872247,8,4.270522180924761,12,-4.173898946631838
64,751.0,0.0006727955031587865,3758.231367238362,14,-9.35911977191766,9,4.252144282236092,12,-4.135859903152342
68,751.0,-0.003082998944926395,3665.500001729329,15,-8.913841100533803,9,3.6200675296922284,13,-3.5167766150721795
72,747.1,-0.004432422621742374,3671.541134033203,16,-8.830857448776564,9,3.45279842727602,14,-3.360710520733286
76,775.2,-0.015368122846639323,3678.071524565725,17,-8.811531228308727,9,3.402568086962026,15,-3.3132645632953754
80,775.2,-0.011250232017992145,3618.1666191193553,18,-8.386742525449908,10,2.8345894458671785,17,-2.760842700547441
84,775.2,-0.015450640315228642,3639.3375835765496,19,-8.345675593433958,10,2.8795871953096204,17,-2.7897563156947145
88,774.9,-0.01742424997616412,3641.7750218293163,20,-8.290741591802751,10,2.81399412576411,18,-2.7288557594813883
92,774.9,-0.014073898716300081,3652.626378335664,21,-8.231647666777024,11,2.8216365888178414,20,-2.7311473003822546
96,774.9,-0.01675481774573829,3650.2897327261257,21,-8.173013405155652,11,2.8254905855988532,20,-2.7282616257135714
100,794.0,-0.029000645946298607,3657.0527216177275,21,-8.128444259184779,11,2.7822454314018357,21,-2.6744152481156567
104,759.4,-0.017651693967392544,3627.2358617747914,22,-7.867613906812187,11,2.379365072407139,22,-2.2886232042884584
108,759.4,-0.013222280906584205,3753.7952006986548,22,-8.213575922741864,12,2.8592395972818996,22,-2.716591679137334
112,764.5,-0.014536518388153901,3736.9516540474497,23,-8.157256150206962,12,2.8513554687067377,23,-2.7023329808460854
116,764.5,-0.014590206746837076,3733.0613887387235,24,-8.056547624014673,12,2.7376938262265105,24,-2.5837194193639452
120,764.5,-0.01796684216272406,3722.4634889584495,25,-7.977271575539831,12,2.6054605074055006,25,-2.446815514687508
124,763.1,-0.019466633973441505,3703.150526922316,26,-7.893230094323083,12,2.4616337650330253,26,-2.3175846830909217
128,763.4,-0.017320028226654263,3700.034047938756,27,-7.84174424523399,12,2.295085440353483,27,-2.145320622348596
132,763.4,-0.01879085622543384,3687.569075302851,28,-7.754370625624581,12,2.226430374821537,28,-2.077758978761378
136,763.4,-0.02105806614487492,3691.7730518450053,28,-7.690503141425904,12,2.177158128173083,28,-2.0301790798278083
140,753.8,-0.018263015884508085,3697.895918666294,29,-7.60499687937517,13,2.025613915094374,30,-1.8855299390592275
144,789.0,-0.03298176094453352,3694.6700763349,30,-7.614802491836906,14,2.2468670857922395,30,-2.1034127398478177
148,789.0,-0.030384721106983887,3566.4543174281266,31,-7.123411608103551,15,1.6562992303907127,32,-1.5600255768076337
152,756.0,-0.02184348707587433,3598.0634069870457,32,-7.045692177974816,16,1.6982319619571982,34,-1.5945655451127978
156,756.0,-0.024247368787415048,3741.9084943109156,32,-7.374171393051808,17,2.275495494018446,34,-2.1013935725939223
160,756.0,-0.024351958000484713,3731.7583766147895,33,-7.312738930452264,17,2.172126876236387,35,-1.9908744199460031
164,757.4,-0.02328591408423844,3758.319340868533,34,-7.2558891236137,17,2.098472303145133,36,-1.919766321849685
168,757.4,-0.028384010822315797,3758.1160948154734,35,-7.17313297384487,17,2.1304144502661737,37,-1.9453853369141896
172,711.6,-0.0048321935544669735,3766.77145095561,36,-7.119392840665313,17,2.1344082560517332,38,-1.9211264794454255
176,711.6,0.00017790431365135245,4094.78543323507,36,-7.641404603721432,18,2.841273937921436,38,-2.560665456108115
180,675.0,0.013192489937474497,4082.7778871535256,37,-7.590712742144928,18,2.9406589262867167,39,-2.6315252373468825
184,675.0,0.015386064497983807,4391.881820447649,37,-7.992835810752142,19,3.4071161447422624,39,-3.0086378547889843
188,634.1,0.024145028440394074,4395.451140261695,38,-7.960780637765689,19,3.393337553301685,40,-3.000321243671198
192,667.1,0.016196778370401097,4613.035285260882,38,-8.393042185543075,20,4.008619746852319,40,-3.524173394409437
196,630.3,0.03474810501091969,4462.287966746013,39,-7.948683658308452,20,3.392521319024213,41,-2.980342884315385
200,630.3,0.03310023375493722,4634.375525848389,39,-8.317879560656017,21,4.128873641814467,41,-3.622917805598842
204,630.3,0.032191699767268614,4628.172816192626,40,-8.275467866394255,21,4.073490944488336,42,-3.552402754247189
208,630.3,0.034756139914686957,4614.4300106099445,41,-8.247845580908988,21,4.055152242600867,43,-3.5395895553496155
212,676.1,0.011446056967767522,4613.256053293864,42,-8.195208593110243,21,3.939898167901,44,-3.443814416150252
216,668.5,0.009804763961951216,4268.571669657389,43,-7.573705518278809,21,3.0553299236063483,45,-2.6318760800759
220,714.7,-0.007113929228737534,4266.605773938728,44,-7.598184199829895,21,3.0998631220752246,46,-2.698016501527242
224,714.7,-0.009993677533465977,3978.3435050178296,45,-6.997204681403106,21,2.283398648721526,47,-1.9699105733512627
228,755.6,-0.023779695843188828,3970.641355969977,46,-6.916239764458604,21,2.1852487310411695,48,-1.8678405697688913
232,726.2,-0.013734581087153423,3728.0413435594955,47,-6.378737291196982,21,1.4205101551292958,49,-1.1974479119193673
236,763.0,-0.032616127728651176,3810.8096407294993,47,-6.608590890750999,22,1.8927697340600127,49,-1.5739825573632384
240,763.0,-0.032005668075717024,3646.0534504422276,48,-6.137718513395105,22,1.2239872769943474,50,-0.9967657942973174
244,763.0,-0.03050443107690649,3652.7809133125074,49,-6.07470331303184,22,1.2826549627605346,51,-1.0529474357832733
248,754.9,-0.028727550311944405,3678.174297610197,50,-5.998482816536275,23,1.2714865755030405,53,-1.0378391666613616
252,754.9,-0.03343400348191881,3696.4847538757326,50,-6.000497547497309,23,1.2851490436068922,54,-1.0506798875460892
256,731.2,-0.031512102088250095,3691.740914306641,51,-5.933830633636935,23,1.230244633037248,55,-0.9833387524018555
260,731.2,-0.03130685453523736,3797.346814995308,51,-6.080836450505309,24,1.4915584378245939,55,-1.1314677552536967
264,725.0,-0.02911178457848776,3783.7018030934523,52,-6.023416610838359,24,1.4858778304856404,56,-1.1293154500745248
268,725.0,-0.028662369112460024,3789.3408295457184,53,-6.008703840208948,24,1.5044602027302576,57,-1.142031112882654
272,754.4,-0.03730411353355875,3797.1484228277827,54,-5.940428868200614,24,1.5367351186813545,58,-1.1795517733095355
276,754.4,-0.03547507003058105,3734.9816930914544,55,-5.556703179889771,24,0.9176969692387423,59,-0.6363460582370022
280,754.4,-0.03468718578947204,3736.35179644432,56,-5.471127088017449,24,0.8702169188947222,60,-0.590725813429335
284,754.4,-0.0379959541680476,3728.630337653222,57,-5.391211945130282,24,0.8473825899097251,61,-0.5568033743111086
288,762.5,-0.04041791680526624,3719.2069897731767,58,-5.316429871135805,24,0.7302061793342243,62,-0.42039923491158004
292,762.5,-0.03654923101225464,3691.8271100864163,59,-5.173593142353439,24,0.6486484349482864,63,-0.34103740090931645
296,791.0,-0.04032835349494004,3699.468259174959,60,-5.091167800515503,24,0.7344319347188771,63,-0.42705430639921155
300,791.0,-0.040735490361026486,3593.221183180375,60,-4.7444512095565745,24,0.22284226853489839,64,-0.03021285432005172
304,797.2,-0.03896678542119175,3596.731959547563,61,-4.6552998640320515,24,0.19308265262114052,65,0.011063490287222033
308,797.2,-0.03285937946156965,3580.579034779867,62,-4.540606591602167,24,0.1457233159368237,66,0.07179314951101937
312,797.2,-0.031107022368617527,3580.3416406758624,63,-4.464494238462713,24,0.2128100810717377,66,0.01940649413400226
316,797.2,-0.030547944939261006,3548.9220883178714,64,-4.412261974977123,24,0.2566282612745029,67,-0.04049704343080519
320,768.8,-0.018962642067647594,3550.6497802734375,65,-4.352848758134577,25,0.26061421920260824,68,-0.026442185872130895
324,754.2,-0.012236476839982366,3626.853367665609,66,-4.525750817855199,27,0.5742547081537648,69,-0.26556571925679834
328,754.2,-0.007083765111238137,3648.9184178771975,67,-4.583417737119728,29,0.7206330847694123,70,-0.4093339495559533
332,753.2,-0.006466290609408704,3655.4556868591308,68,-4.5287487600909335,29,0.709507595393341,71,-0.4000753334197732
336,756.0,-0.00820427817054829,3640.9482629496256,69,-4.479905728134844,29,0.5275010511802198,72,-0.21405395778020217
340,756.0,-0.009221721665412625,3623.815758473714,70,-4.385480670101113,29,0.4971731752245686,73,-0.16591979338394264
344,756.0,-0.007775882182776403,3624.156828318278,71,-4.34168234033717,29,0.4221903237474617,74,-0.10721472583214435
348,756.0,-0.013719487757665952,3635.8698553568524,72,-4.251732039749623,29,0.4061580673027524,75,-0.10370607406232077
352,756.0,-0.016466267674148834,3648.7871085713705,72,-4.179078543815348,29,0.2201316972052833,76,0.06805011664496534
356,756.0,-0.01727221604241358,3668.318456583659,73,-4.100845948325263,29,0.10990777693939813,77,0.18466477127207656
360,734.1,-0.01856388066438433,3673.4485808410654,74,-4.024024081859324,29,-0.03946130477132588,78,0.30568087128798166
364,715.7,-0.007843912708331511,3962.9767992248535,75,-3.9232957260145085,31,0.039744888839699934,79,0.4345522791445255
368,715.7,-0.011047567477386949,4065.2912239946645,75,-3.9223428104368465,32,0.21633390777406186,79,0.3927650420509634
372,716.7,-0.009897534747544583,4068.327134944371,76,-3.8288678362019475,32,0.22155081351880818,80,0.39110572258394866
376,716.7,-0.008756269410659314,4096.32744683402,77,-3.759047780174112,32,0.2614930752672379,81,0.38754705925546
380,716.7,-0.005265632538207287,4104.328330419632,78,-3.701973628406487,32,0.18167601851718718,82,0.45342854901911733
384,695.2,-0.0013297675417961736,4102.505692785354,79,-3.621301242283412,32,0.1498093300240136,83,0.49060399126438875
388,695.2,-0.00045048729430824803,4164.407178279331,79,-3.7215760742782287,33,0.2938406880682632,83,0.41009130950090744
392,654.5,0.015366426682864342,4151.471414526077,80,-3.676413877655274,33,0.25566919507577673,84,0.45594906812228225
396,653.0,0.017150673629848897,4373.505132787795,80,-3.7944070619171257,34,0.7731342413438368,84,0.17651275050624338
400,686.3,0.009682227010962002,4350.302400498163,81,-3.766798744283656,34,0.8581574675626005,85,0.10961947449694869
404,719.3,-0.00289011056015714,4003.4892084273074,82,-3.6280211210408537,35,0.43536184846723536,86,0.26022041370234794
408,719.3,0.0002458057971820115,3876.2485562811953,83,-3.385520543102865,35,0.05183248137749077,87,0.48794894711838827
412,719.3,-0.0029614660268915466,3874.0544256252715,84,-3.3570146763766253,35,0.015687385796508923,88,0.519971004575491
416,719.3,-0.0036468288818134694,3861.3075244818783,85,-3.304739219722925,35,-0.07553048073723741,89,0.5659311183790365
420,719.3,-0.005409248278208765,3858.949341193305,86,-3.256626695422111,35,-0.08014002700435452,90,0.5774110057122177
424,740.8,-0.012210393408733707,3851.8745818752714,87,-3.20394588455006,35,-0.048093947287373,91,0.568768070836862
428,740.8,-0.012087678960047421,3788.550651312934,88,-3.003373546070523,35,-0.3497668947372586,92,0.8006249053886643
432,781.5,-0.02578771973403022,3783.16556286282,89,-2.9510089008344544,35,-0.4171244064708136,93,0.8664559198198496
436,783.0,-0.025670752735500714,3551.2606454637316,90,-2.7187439873814583,35,-0.9525417954278076,94,1.172490812683547
440,800.0,-0.028676469835731428,3557.7917910936144,91,-2.6236224425335726,35,-1.0809745439442082,95,1.2840544216941905
444,800.0,-0.031112048728987606,3552.898633880615,92,-2.420047217524714,36,-1.1920698078442364,96,1.380414050767819
448,800.0,-0.03095007331836951,3571.4720720926916,93,-2.3415239452487895,37,-1.2367531178425997,97,1.4298196022046938
452,800.0,-0.030852886615317727,3575.075708262126,94,-2.258016408814324,38,-1.3579064720413752,99,1.548310766634014
456,800.0,-0.030038672916439486,3569.688255259196,95,-2.197511750128535,38,-1.3481621000243145,99,1.534430118335618
460,767.5,-0.019490070070438133,3587.328405507406,96,-2.1159010683496797,39,-1.426376881979199,101,1.59670379774438
464,767.5,-0.016708850935160384,3693.939718620664,97,-2.1486847341178903,41,-1.3124922431232262,102,1.5064563123219543
468,748.9,-0.004684425957833231,3697.0917905607685,98,-2.0808913316282016,41,-1.3602457378890425,103,1.552572335385614
472,748.9,-0.00882304399999181,3740.3895107790026,98,-2.0724365772314806,42,-1.2744000102554953,103,1.4695240231079083
476,722.7,-0.004348451147130984,3736.343298722524,99,-2.0250142587398097,42,-1.3322917809250652,104,1.5074243464955577
480,722.7,-0.0023897899227733077,3806.6760154990543,99,-2.0605892266920476,43,-1.286662185657375,104,1.4880563583362985
484,722.7,-0.0028909424147450557,3787.0405272178045,100,-2.048096356980463,43,-1.4201340711713033,105,1.5994744081850405
488,722.7,-0.004841596698785447,3752.042432023306,101,-2.0324716642341287,43,-1.5081840664320307,106,1.6728478214531033
492,722.7,-0.0045278895553912905,3743.1628506227526,102,-1.9934665605682067,43,-1.5308742186257605,107,1.6970785559437893
496,722.7,-0.004384541363355225,3735.5774677797353,103,-1.9447619265408587,43,-1.6455090215767207,108,1.8079507958944199
500,755.2,-0.012947881499294031,3712.7452781435045,104,-1.9076760370954478,43,-1.6789140771046065,109,1.8418405613192803
504,755.2,-0.013827668559295764,3602.246467064751,105,-1.7625777682220491,43,-1.9241993172863432,110,2.0347778753411987
508,773.8,-0.026460064917017807,3595.106385582818,106,-1.7111535805001576,43,-1.8726962694218727,110,1.9841887038670205
512,724.3,-0.009501980306217933,3557.829590098064,107,-1.597399612650689,44,-2.0840425935687703,112,2.1815009218619927
516,733.5,-0.009344683174484048,3953.467054392497,108,-1.363523252717116,45,-2.2401766520045285,114,2.4031475973791543
520,733.5,-0.011149708470497557,3930.99916027493,108,-1.2721098366797108,46,-2.3779498834400954,115,2.517840783314573
524,733.5,-0.009327110239522847,3937.9289648607037,109,-1.2051251192249492,46,-2.4380261262164757,116,2.5776605028245188
528,733.5,-0.010215276121917005,3954.157807125516,110,-1.1250216380779252,46,-2.3710933111059584,116,2.515143893621862
532,733.5,-0.007159740612623551,3952.2727725897903,111,-1.0844657196128673,46,-2.3939590994837796,116,2.535447156060901
536,733.5,-0.006862029946036445,3956.8930416022404,112,-1.0355975090198357,47,-2.420371983679425,117,2.5679838803203574
540,733.5,-0.010302759229637108,3967.1373960537376,113,-0.9846759562673805,47,-2.429420154118496,118,2.5780356488749385
544,733.5,-0.011559680713809537,3982.242081519233,114,-0.9536053260046714,48,-2.4148384790070767,118,2.5643567244418795
548,733.5,-0.010347824157812907,3999.6309062872997,115,-0.9187111361814594,48,-2.538928359594817,119,2.6852204002564153
552,782.6,-0.024542245756159216,3997.7937178717716,116,-0.8858189821536481,48,-2.5045555518453737,120,2.656825637233754
556,799.6,-0.029048971469668818,3617.8958415900333,117,-1.007803315507179,49,-2.3081872839977344,121,2.3965752855729727
560,798.5,-0.029120122690461287,3593.401791941325,118,-0.9254015157413151,50,-2.316860389262438,123,2.4034879171310197
564,798.5,-0.02892983154879921,3600.440783131917,119,-0.8856765623928773,51,-2.3080615240997737,125,2.3958205407485367
568,798.5,-0.029439838625980645,3608.7478787740074,119,-0.8305771783822113,51,-2.4271458165337227,126,2.5114482317202618
572,766.2,-0.01614249587269164,3602.847840067546,120,-0.7949514939397988,51,-2.516262230768593,127,2.603747484783332
576,740.9,-0.009375384839007675,3720.1912864176434,121,-0.7063045955300036,52,-2.492644432167715,128,2.596474420605671
580,728.9,-0.0035784701811781413,3800.5522631835934,122,-0.6610088577065321,53,-2.5666897114752127,130,2.6775059980934572
584,728.9,-0.0035952435052805606,3817.004561665852,123,-0.6233811628700249,53,-2.704889953105489,131,2.8164231714823886
588,728.9,-0.0016435069365505993,3803.151356506348,124,-0.5739313324505375,53,-2.7290418692534226,132,2.845676115673686
592,729.3,-0.0024955612899462735,3796.607955729167,125,-0.5282043290589123,53,-2.7380379234027594,133,2.854229035200581
596,729.3,-0.0045040827919260494,3804.6726843261713,126,-0.47968032160936475,53,-2.902667404329493,134,3.020093089860583
600,730.4,-0.003742939208136793,3782.435538228353,127,-0.43976304603592736,53,-3.0265017033772814,135,3.148126393677696
604,730.4,-0.007418443654992141,3773.9361054484048,128,-0.38286643493462297,53,-3.094250335824868,136,3.22382051052839
608,681.8,0.00803932873099299,3759.9309286499024,129,-0.3616102342085824,53,-3.1333053788036587,136,3.269981841599184
612,714.1,-0.008789780088062835,4133.087555033366,129,0.09965955260564532,53,-3.545602086524879,137,3.719954932651823
616,739.4,-0.015249864572748425,4030.081292622884,130,0.11978220255424583,54,-3.618986414046751,137,3.7750923070742024
620,751.4,-0.016153736166670256,3956.8684213256834,131,0.15846786632823448,55,-3.674608119747705,138,3.8275580806798404
624,751.4,-0.010320892132994825,3927.190224100749,132,0.2111043468997297,56,-3.6293511724554826,138,3.784244544539187
628,723.4,-0.0026719426112563997,3928.3039427693684,133,0.23324157422304986,57,-3.596672328015169,138,3.7538326026002564
632,723.4,-0.006599622094795624,4018.9768596903486,133,0.3294318768040587,57,-3.7560996756205953,139,3.9264771976073582
636,695.2,0.001192519198093917,3988.7540974426274,134,0.31257274573047955,58,-3.6526026926851927,139,3.830100851001011
640,695.2,0.0033083558162129876,4065.861550343832,134,0.4077204094837524,58,-3.660715019471115,140,3.8601765991995736
644,695.2,0.008138117640274261,4067.4894419860843,135,0.42762722715528473,59,-3.674321485294236,140,3.8722713954995074
648,724.6,0.00227374835479278,4069.7533837382,136,0.4517160209154503,60,-3.7531037771039535,140,3.9472642324616514
652,724.6,0.0037906888301393895,3739.124035051134,136,0.09012713152742771,60,-3.403442868700734,141,3.579380071474998
656,724.6,0.0025010221732609866,3740.8505315314396,137,0.09757899961572278,61,-3.3752945138872774,141,3.551998047428551
660,724.6,0.0009247956782609406,3743.983924577501,138,0.11252969012216282,62,-3.309783755063459,141,3.498790086223571
664,724.6,-0.00805471948731274,3763.822600419787,139,0.1368086402494184,62,-3.4287462814510974,142,3.618913743642193
668,742.6,-0.016509298127229004,3762.9240488857695,140,0.16126108348921492,63,-3.463608143398607,142,3.661620230125608
672,728.7,-0.011225369505785872,3691.9137105984164,141,0.12282758278703247,63,-3.342490595697805,142,3.543476438003006
676,756.9,-0.019352429744121227,3719.527403978136,142,0.17202242669373474,64,-3.4411128331996776,142,3.6380188837735745
680,755.6,-0.01623851759687635,3642.2444587266714,143,0.11983588926321653,64,-3.4372293897331865,143,3.6373249715654943
684,723.8,-0.008068772443221838,3642.2364532538522,144,0.13930269952277066,64,-3.3571651254818535,143,3.5561316955653886
688,743.0,-0.018953044627296807,3752.3614807342046,144,0.2837043493933404,64,-3.3733155996115416,144,3.62213271694727
692,714.4,-0.010101038006045705,3724.6566289818174,145,0.28428260290950885,64,-3.324089268154597,144,3.555882595033695
696,697.3,-0.005227209558869196,3829.224409133184,146,0.4143798463942394,65,-3.3515773057590224,145,3.6350236000671154
700,697.3,-0.006430228503663886,3849.747782376728,147,0.45038623772724157,66,-3.3093646880278174,145,3.6016835992257628
704,697.3,-0.0030307045985279307,3851.2621198401066,148,0.46283811425124954,67,-3.262402202168026,146,3.5660995002475877
708,707.3,-0.007743955902681843,3840.7495654170934,149,0.46662399251590525,68,-3.19484648647797,146,3.486525531747689
712,706.8,-0.006063068724881631,3828.261881802998,150,0.45709598766388515,69,-3.063247512764982,146,3.340151864464498
716,656.0,0.0021904329646801287,3838.712907193623,151,0.4716648046336772,70,-3.0274183754396953,146,3.3088786688202787
720,657.3,-0.004826818077174823,4261.656065762958,151,1.0534581677052413,70,-3.5498615741669326,147,3.8633461733414896
724,689.1,-0.013431867166531932,4244.6723108292845,152,1.0344442003298668,71,-3.5608315878973675,147,3.8829658749476073
728,689.1,-0.012694513807424354,4141.563820112441,153,0.9159522246165823,72,-3.4420196769161286,147,3.7120550199291777
732,717.7,-0.01895393873009666,4135.747002282036,154,0.9130561516734048,73,-3.4640662402599984,147,3.738574315667981
736,734.8,-0.02331761030922843,4022.733791731092,155,0.7818936636785251,74,-3.493009436033494,147,3.7391929356488918
740,734.8,-0.025467134128413327,4010.0667122294117,156,0.7671272932355188,75,-3.5490379450024205,147,3.7881649879846315
744,734.8,-0.02675333897424269,3999.6512173360193,157,0.7691959030522655,76,-3.514002961033024,147,3.7756428669624853
748,700.1,-0.007498256761664511,4007.8875719095863,158,0.7785619423786798,77,-3.597077420416909,147,3.8602709094418417
